CustomerID,Recency,Frequency,Monetary
1,18,26,68658.77
2,9,22,46144.36
3,27,4,4879.92
4,163,1,939.04
5,56,5,7234.15
6,56,7,13002.22
7,17,30,56602.76
8,20,7,8349.4
9,200,10,6957.87
10,359,10,7660.1
11,120,1,1165.89
12,9,23,38962.04
13,268,5,1452.21
14,181,5,5047.56
15,8,17,27142.96
16,33,1,1066.53
17,4,26,65003.06
18,17,26,61372.99
19,23,5,6898.06
20,3,30,62267.19
21,153,1,844.92
22,168,11,9816.4
23,44,5,8133.8
24,54,6,3626.28
25,3,20,49636.38
26,17,34,77724.53
27,102,1,580.78
28,86,1,1026.54
29,10,25,64474.44
30,59,9,11725.43
31,45,7,8561.13
32,228,6,3432.82
33,102,1,749.11
34,152,1,986.81
35,86,1,772.36
36,196,8,5175.3
37,342,5,5901.03
38,59,9,8209.93
39,54,7,12240.28
40,187,1,931.01
41,19,22,59543.99
42,19,9,14914.06
43,17,29,42780.54
44,48,5,7476.32
45,15,34,80278.11
46,36,7,5327.2
47,169,1,1317.74
48,359,7,4864.08
49,106,1,675.3
50,155,1,802.3
51,105,1,1115.02
52,27,7,8914.96
53,15,29,68926.77
54,18,6,8082.56
55,154,1,853.02
56,4,15,28851.95
57,10,27,73922.77
58,111,1,1150.14
59,28,7,9603.12
60,34,1,1394.98
61,174,1,856.0
62,297,11,12423.81
63,26,8,9865.85
64,24,4,4509.3
65,259,3,2705.44
66,138,1,377.2
67,195,1,1064.9
68,352,11,10933.99
69,139,1,1291.53
70,175,8,5851.37
71,27,7,9492.91
72,169,1,735.42
73,166,6,10264.27
74,27,7,8642.62
75,42,1,1320.6
76,32,6,5972.29
77,51,6,6773.13
78,16,34,73485.64
79,9,18,48299.8
80,151,1,531.08
81,37,5,2085.45
82,185,1,1235.99
83,50,1,887.61
84,40,7,8104.11
85,55,7,8587.52
86,16,16,44726.94
87,96,1,1300.14
88,166,8,7002.57
89,175,1,1153.26
90,305,6,8253.53
91,70,1,1121.34
92,148,1,858.98
93,16,22,42243.05
94,100,1,618.07
95,18,7,10355.7
96,36,8,7691.86
97,41,6,9940.67
98,126,1,1015.08
99,114,1,1066.43
100,107,1,1019.36
101,32,9,11942.02
102,35,8,7705.63
103,178,9,12493.24
104,52,4,5202.52
105,28,8,11309.11
106,9,20,42787.18
107,17,5,5376.79
108,5,17,36487.66
109,19,6,4792.71
110,110,1,940.23
111,185,8,8255.88
112,54,1,1047.65
113,39,7,8895.12
114,97,1,889.2
115,50,1,1013.6
116,233,7,6396.92
117,23,8,8193.41
118,322,6,8608.23
119,54,9,13105.53
120,14,8,11053.52
121,54,4,3211.36
122,247,5,6657.44
123,57,1,712.14
124,54,8,6545.82
125,23,8,6939.15
126,184,1,862.67
127,21,9,14272.36
128,193,1,644.27
129,170,11,8985.3
130,287,10,7719.98
131,336,9,6882.05
132,8,17,32713.46
133,129,1,1248.07
134,37,4,6594.45
135,325,5,6951.32
136,36,6,6885.47
137,229,4,5227.15
138,28,7,5053.24
139,44,5,6533.55
140,294,3,2935.67
141,90,1,577.61
142,242,11,4390.16
143,44,8,8380.27
144,17,6,8250.76
145,88,1,625.52
146,13,8,13418.54
147,57,9,8517.16
148,11,18,42540.53
149,15,31,76162.98
150,183,8,3045.05
151,329,10,11342.52
152,227,9,8419.21
153,53,4,6307.02
154,17,26,61360.37
155,125,1,601.59
156,45,1,592.63
157,138,1,713.51
158,5,24,65802.75
159,21,6,6596.87
160,150,1,1084.91
161,9,18,34454.33
162,345,9,6750.53
163,314,8,6884.63
164,57,6,4943.83
165,3,29,54389.64
166,333,3,4659.91
167,89,1,609.21
168,29,4,4676.19
169,24,8,9755.9
170,288,11,2959.12
171,41,5,4178.62
172,17,17,41479.49
173,188,1,989.24
174,27,6,4443.05
175,149,1,1058.87
176,158,10,14301.09
177,17,8,9500.59
178,41,8,9224.85
179,1,29,68885.77
180,169,10,12300.43
181,19,24,54531.7
182,205,10,16381.34
183,161,1,393.44
184,265,8,10776.32
185,176,5,3869.09
186,11,19,47321.89
187,14,24,57931.1
188,337,10,12008.73
189,50,8,8445.59
190,184,1,868.76
191,9,33,82899.44
192,40,6,8729.11
193,161,1,1088.35
194,50,6,6403.56
195,37,1,949.92
196,280,9,6579.57
197,21,9,14190.56
198,18,6,5471.17
199,10,32,83606.96
200,51,7,8027.63
201,18,22,50144.2
202,109,1,878.46
203,49,1,899.31
204,81,1,675.48
205,147,1,636.03
206,180,1,1120.04
207,324,9,9415.16
208,18,5,5173.52
209,173,9,9162.31
210,54,4,5645.71
211,16,25,43038.75
212,16,7,9468.26
213,157,1,976.22
214,15,8,7183.99
215,130,1,713.14
216,324,7,8507.25
217,51,7,8979.53
218,13,28,65573.31
219,118,1,645.48
220,18,7,7653.94
221,184,10,5346.15
222,36,9,11258.24
223,24,8,11782.55
224,36,7,8682.45
225,13,4,6131.43
226,17,28,72018.28
227,16,4,4200.66
228,91,1,671.36
229,13,8,7195.21
230,18,33,77973.68
231,40,7,8436.09
232,43,8,9298.22
233,43,4,5099.17
234,15,31,59411.67
235,24,6,6038.43
236,177,10,11587.05
237,323,7,9729.57
238,282,7,5394.11
239,129,1,1248.47
240,34,9,11465.55
241,209,9,9432.35
242,40,4,6545.83
243,144,1,1312.86
244,123,1,969.48
245,24,6,5867.85
246,13,8,13671.5
247,31,7,3782.64
248,172,1,982.1
249,33,6,8280.99
250,13,4,5334.57
251,55,4,6072.53
252,42,4,5354.52
253,251,8,10671.88
254,42,9,13094.41
255,2,19,41284.66
256,187,1,936.85
257,27,6,8123.69
258,169,1,1142.47
259,26,4,5153.61
260,34,8,8855.31
261,172,7,6451.0
262,4,34,95539.53
263,44,5,6828.08
264,57,8,9396.7
265,182,11,14210.66
266,3,23,51201.68
267,19,9,12024.01
268,57,5,4749.83
269,82,1,568.55
270,17,27,35666.86
271,126,1,698.83
272,118,1,251.16
273,59,9,11341.91
274,38,4,2447.97
275,47,9,7818.03
276,237,8,11297.32
277,329,5,4928.97
278,16,15,32282.63
279,30,9,11873.76
280,139,1,1074.64
281,47,1,1135.65
282,357,11,15105.52
283,58,4,4677.45
284,45,7,7645.63
285,1,20,47399.72
286,35,9,15035.6
287,57,1,926.2
288,257,5,6016.7
289,17,15,34729.65
290,10,27,69386.54
291,169,1,415.7
292,164,1,1223.99
293,15,30,59343.82
294,14,34,99109.7
295,11,17,35338.24
296,195,1,725.9
297,45,9,9636.16
298,49,5,5406.6
299,123,1,1193.39
300,15,19,35453.77
301,37,9,8815.17
302,15,33,33768.46
303,3,23,41558.59
304,30,1,1390.24
305,129,1,537.27
306,53,7,6457.65
307,45,7,9685.87
308,170,1,760.94
309,5,17,34435.09
310,35,4,4413.2
311,153,10,5655.44
312,176,6,7603.26
313,3,17,49923.15
314,9,19,43800.43
315,74,1,907.43
316,37,6,9171.58
317,190,1,576.56
318,132,1,886.47
319,14,7,4116.88
320,106,1,1130.26
321,133,1,973.42
322,8,28,78272.38
323,42,6,7029.38
324,249,4,5912.2
325,188,1,1132.92
326,86,1,951.53
327,38,1,921.97
328,155,11,15647.1
329,42,5,5185.11
330,28,6,4943.45
331,34,1,1097.11
332,185,6,4113.43
333,13,9,8091.55
334,14,31,70484.18
335,48,6,5670.27
336,54,4,3122.62
337,18,18,41267.36
338,37,1,1210.64
339,203,6,7237.1
340,54,9,9773.08
341,289,10,11748.99
342,37,6,8566.68
343,36,5,4299.63
344,243,10,11947.1
345,197,1,1031.66
346,47,8,11349.0
347,70,1,803.54
348,53,8,6870.86
349,108,1,828.36
350,26,9,10040.77
351,2,29,69261.96
352,43,1,882.28
353,37,6,6907.27
354,23,6,9311.26
355,7,18,48286.71
356,192,8,4698.29
357,8,23,48738.64
358,257,8,10384.91
359,39,9,11622.18
360,56,8,9745.52
361,357,4,4567.42
362,243,8,5671.88
363,139,1,957.37
364,200,3,2524.26
365,6,22,44300.37
366,345,4,3794.71
367,164,1,1231.6
368,39,8,12476.85
369,70,1,627.39
370,15,29,91657.68
371,68,1,1224.0
372,111,1,835.55
373,6,25,70218.11
374,56,8,14721.88
375,16,4,4828.85
376,38,9,16911.06
377,27,4,5317.6
378,51,4,3517.54
379,147,1,665.47
380,17,18,37465.27
381,152,1,711.88
382,57,7,4523.08
383,43,7,10602.8
384,137,1,741.15
385,7,30,52613.7
386,355,6,7568.42
387,1,29,61179.25
388,33,6,8462.61
389,248,11,9927.35
390,12,20,57619.15
391,181,1,714.66
392,268,3,2452.64
393,302,11,11616.97
394,16,6,5830.77
395,138,1,961.22
396,197,3,1665.08
397,60,1,1175.64
398,179,11,7346.77
399,36,1,686.71
400,10,26,57708.93
401,48,8,5772.12
402,309,9,6055.25
403,29,7,7575.9
404,48,6,6253.97
405,19,9,10253.86
406,16,16,37775.35
407,186,1,737.58
408,15,5,6662.29
409,204,5,5488.7
410,2,18,48106.84
411,245,4,2685.09
412,10,28,81417.3
413,259,10,5789.02
414,34,8,10174.8
415,154,1,717.07
416,25,7,10766.25
417,8,29,60742.72
418,258,11,17342.74
419,60,1,552.81
420,31,7,5781.64
421,190,1,1195.63
422,52,7,9288.85
423,41,7,8382.24
424,89,1,1031.66
425,58,1,440.17
426,17,29,71272.62
427,9,33,87111.09
428,49,5,6996.31
429,30,8,10058.89
430,284,9,7136.64
431,51,1,734.58
432,177,7,8002.99
433,56,5,3322.36
434,5,18,38976.89
435,22,4,3068.0
436,9,31,56419.26
437,39,8,9857.07
438,159,1,466.43
439,307,5,10681.5
440,20,6,5722.52
441,51,1,736.43
442,96,1,1050.01
443,124,1,1419.05
444,344,3,3146.77
445,170,1,814.87
446,36,7,8407.05
447,26,9,10776.8
448,7,32,65382.57
449,15,19,47848.69
450,40,8,14152.39
451,29,5,5662.38
452,19,19,39360.66
453,41,8,7879.89
454,111,1,1073.57
455,16,6,8232.74
456,32,5,5836.08
457,78,1,1065.18
458,16,20,39414.39
459,240,7,1729.74
460,43,1,969.99
461,48,7,8124.07
462,87,1,770.81
463,354,5,4930.36
464,66,1,996.66
465,55,1,1142.89
466,96,1,396.91
467,311,4,3051.2
468,316,11,6021.68
469,31,8,5315.81
470,2,28,83499.3
471,38,9,9117.39
472,34,7,11047.84
473,17,7,5482.97
474,19,5,4879.28
475,331,10,6456.84
476,5,28,83220.12
477,26,9,11559.08
478,262,4,5829.02
479,10,34,71064.65
480,37,5,6861.65
481,85,1,833.55
482,123,1,1242.19
483,268,8,7175.97
484,28,9,12205.98
485,278,7,7924.93
486,37,6,6072.92
487,10,21,57234.19
488,14,22,29933.23
489,12,5,7446.59
490,166,6,8827.71
491,1,24,65368.1
492,24,4,4800.61
493,258,9,14381.36
494,315,4,7217.73
495,21,4,5109.09
496,7,30,75026.86
497,189,1,916.14
498,43,1,786.75
499,14,32,74647.76
500,10,4,3278.6
501,13,32,66990.24
502,52,1,1211.74
503,18,30,89540.64
504,17,22,50303.0
505,57,4,5387.28
506,329,4,4396.42
507,18,17,38812.14
508,4,18,30069.76
509,58,9,12854.64
510,160,9,15251.12
511,29,6,4431.16
512,48,9,8668.97
513,54,4,4817.94
514,276,10,12681.67
515,17,9,11388.02
516,52,8,12130.06
517,58,4,3634.59
518,17,5,4206.81
519,14,4,5406.58
520,257,9,11320.5
521,2,30,82700.77
522,37,6,7617.02
523,13,24,77104.47
524,231,7,6824.35
525,21,4,4533.83
526,341,4,1976.62
527,53,1,562.43
528,12,9,11772.91
529,274,8,9491.95
530,41,6,6427.29
531,133,1,1024.49
532,95,1,409.69
533,11,22,47592.47
534,4,18,44976.71
535,26,6,6954.89
536,49,6,7693.57
537,46,5,7743.5
538,26,6,8880.5
539,30,6,8249.45
540,268,7,11453.42
541,57,7,8004.69
542,43,4,4423.08
543,29,4,4424.16
544,3,30,83027.12
545,58,9,11744.91
546,207,8,9888.02
547,282,9,9464.89
548,10,15,28792.37
549,11,4,3476.3
550,174,1,760.75
551,56,1,1409.04
552,42,6,8306.55
553,7,19,31313.56
554,41,1,451.91
555,4,33,85128.5
556,15,7,7403.27
557,135,1,1035.41
558,72,1,926.26
559,50,4,3660.42
560,75,1,239.64
561,199,3,3111.83
562,22,6,6597.24
563,218,11,11082.33
564,32,5,6584.21
565,12,7,10006.64
566,160,4,4254.8
567,35,1,1361.96
568,15,32,74993.02
569,37,5,5381.61
570,58,4,5398.27
571,59,4,5574.8
572,193,1,1118.75
573,24,6,7719.3
574,97,1,905.61
575,15,6,8935.61
576,51,7,9960.02
577,271,10,8928.5
578,125,1,1070.68
579,47,6,6599.41
580,42,6,5047.75
581,68,1,284.04
582,42,4,6583.81
583,267,10,15650.2
584,31,4,1590.05
585,271,8,9757.76
586,37,9,9564.79
587,203,10,5268.35
588,341,11,12695.3
589,9,34,70742.63
590,34,4,3964.68
591,117,1,683.63
592,45,9,17972.75
593,8,24,56560.92
594,52,1,964.12
595,12,9,8551.49
596,3,34,72361.28
597,8,19,42511.47
598,48,6,7239.23
599,22,5,3557.77
600,312,3,2996.02
