EmployeeName,Gender,Department,Age,Salary,JoinDate
Employee_1,Female,IT,39,56628.36,2015-01-01
Employee_2,Male,HR,22,33403.88,2015-01-07
Employee_3,Female,IT,35,38167.15,2015-01-14
Employee_4,Male,Finance,45,25073.36,2015-01-20
Employee_5,Female,IT,26,37260.6,2015-01-27
Employee_6,Female,IT,53,45933.05,2015-02-02
Employee_7,Female,IT,25,22612.65,2015-02-09
Employee_8,Female,HR,41,31647.49,2015-02-16
Employee_9,Male,IT,52,43840.53,2015-02-22
Employee_10,Female,Finance,53,26156.42,2015-03-01
Employee_11,Male,HR,50,26315.86,2015-03-07
Employee_12,Female,Sales,31,32589.23,2015-03-14
Employee_13,Male,IT,48,24001.08,2015-03-21
Employee_14,Female,Sales,44,54173.72,2015-03-27
Employee_15,Male,Sales,31,30174.19,2015-04-03
Employee_16,Male,IT,38,56488.91,2015-04-09
Employee_17,Male,Operations,42,58813.71,2015-04-16
Employee_18,Male,Operations,59,27117.71,2015-04-22
Employee_19,Female,Operations,29,45611.57,2015-04-29
Employee_20,Male,HR,31,37853.47,2015-05-06
Employee_21,Male,Operations,24,45459.96,2015-05-12
Employee_22,Male,IT,51,40002.62,2015-05-19
Employee_23,Female,Finance,23,41397.7,2015-05-25
Employee_24,Female,Sales,21,55622.85,2015-06-01
Employee_25,Male,Sales,58,60324.35,2015-06-08
Employee_26,Male,IT,59,28560.32,2015-06-14
Employee_27,Female,HR,57,38933.43,2015-06-21
Employee_28,Female,Sales,42,52929.3,2015-06-27
Employee_29,Male,IT,54,62607.16,2015-07-04
Employee_30,Male,Sales,40,8488.66,2015-07-10
Employee_31,Female,Finance,26,64119.93,2015-07-17
Employee_32,Male,Finance,40,42489.56,2015-07-24
Employee_33,Male,HR,23,67922.77,2015-07-30
Employee_34,Female,Finance,47,38662.55,2015-08-06
Employee_35,Female,HR,26,32570.97,2015-08-12
Employee_36,Male,Operations,32,45672.94,2015-08-19
Employee_37,Male,HR,59,62498.69,2015-08-26
Employee_38,Female,IT,54,45459.14,2015-09-01
Employee_39,Female,Sales,41,9721.11,2015-09-08
Employee_40,Male,IT,24,55239.55,2015-09-14
Employee_41,Female,Operations,25,20910.04,2015-09-21
Employee_42,Female,Sales,27,30354.34,2015-09-27
Employee_43,Male,Finance,44,27610.77,2015-10-04
Employee_44,Male,Operations,36,17482.95,2015-10-11
Employee_45,Male,HR,50,26243.82,2015-10-17
Employee_46,Female,HR,57,30212.31,2015-10-24
Employee_47,Male,HR,28,35831.54,2015-10-30
Employee_48,Male,Operations,59,44201.18,2015-11-06
Employee_49,Male,Finance,40,39990.27,2015-11-13
Employee_50,Male,HR,32,22793.94,2015-11-19
Employee_51,Female,Operations,26,42274.65,2015-11-26
Employee_52,Female,Sales,45,59591.05,2015-12-02
Employee_53,Female,IT,50,59223.16,2015-12-09
Employee_54,Female,Sales,31,47019.78,2015-12-16
Employee_55,Male,Sales,40,54290.81,2015-12-22
Employee_56,Female,Sales,57,58383.89,2015-12-29
Employee_57,Male,Sales,46,65424.79,2016-01-04
Employee_58,Female,HR,31,70446.76,2016-01-11
Employee_59,Male,Finance,43,45459.96,2016-01-17
Employee_60,Male,Finance,37,40925.14,2016-01-24
Employee_61,Male,IT,37,67091.98,2016-01-31
Employee_62,Female,Sales,55,68416.06,2016-02-06
Employee_63,Female,Sales,37,68109.85,2016-02-13
Employee_64,Male,IT,33,9846.62,2016-02-19
Employee_65,Male,Sales,24,41704.66,2016-02-26
Employee_67,Female,HR,49,55949.04,2016-03-10
Employee_68,Female,HR,58,45834.24,2016-03-17
Employee_69,Male,IT,46,45782.69,2016-03-23
Employee_70,Female,Sales,56,45459.96,2016-03-30
Employee_71,Female,Operations,43,64550.57,2016-04-05
Employee_72,Male,Operations,29,40603.4,2016-04-12
Employee_73,Female,Operations,22,60496.71,2016-04-19
Employee_74,Female,Sales,52,53303.97,2016-04-25
Employee_75,Female,Operations,51,50352.24,2016-05-02
Employee_76,Male,IT,49,51938.93,2016-05-08
Employee_77,Female,HR,25,46660.6,2016-05-15
Employee_79,Female,HR,48,55743.29,2016-05-28
Employee_80,Male,Finance,57,55699.93,2016-06-04
Employee_81,Female,Finance,47,42841.74,2016-06-10
Employee_82,Female,IT,30,55960.65,2016-06-17
Employee_83,Female,Sales,47,58483.93,2016-06-23
Employee_85,Female,Sales,40,42867.97,2016-07-07
Employee_86,Female,Sales,25,38351.27,2016-07-13
Employee_87,Female,IT,58,31422.6,2016-07-20
Employee_89,Male,Operations,36,32352.34,2016-08-02
Employee_90,Female,HR,49,38484.27,2016-08-09
Employee_91,Female,Sales,36,48680.98,2016-08-15
Employee_92,Female,IT,45,50247.75,2016-08-22
Employee_93,Male,Operations,50,49823.19,2016-08-28
Employee_94,Female,HR,22,78508.62,2016-09-04
Employee_95,Female,HR,40,37444.69,2016-09-11
Employee_96,Female,Sales,53,48752.79,2016-09-17
Employee_97,Female,Sales,39,26912.34,2016-09-24
Employee_98,Female,HR,24,45459.96,2016-09-30
Employee_99,Female,IT,53,62301.8,2016-10-07
Employee_100,Female,IT,45,63207.9,2016-10-13
Employee_101,Male,IT,56,35462.82,2016-10-20
Employee_102,Female,Operations,21,40808.04,2016-10-27
Employee_103,Male,Sales,36,63935.82,2016-11-02
Employee_104,Male,IT,40,43599.43,2016-11-09
Employee_105,Female,HR,55,59380.12,2016-11-15
Employee_106,Female,IT,31,30413.67,2016-11-22
Employee_107,Female,Finance,44,65750.54,2016-11-29
Employee_108,Female,HR,55,60408.72,2016-12-05
Employee_109,Male,Sales,41,51960.68,2016-12-12
Employee_110,Female,IT,24,33021.96,2016-12-18
Employee_111,Male,Sales,34,45459.96,2016-12-25
Employee_112,Male,Sales,47,47268.91,2016-12-31
Employee_113,Female,Sales,53,48951.18,2017-01-07
Employee_114,Female,Finance,36,43428.32,2017-01-14
Employee_115,Female,Finance,22,41723.43,2017-01-20
Employee_116,Female,Finance,40,47886.83,2017-01-27
Employee_117,Male,HR,22,65933.4,2017-02-02
Employee_118,Female,Sales,43,14881.78,2017-02-09
Employee_119,Male,Operations,22,24421.91,2017-02-16
Employee_120,Male,Sales,40,21826.9,2017-02-22
Employee_121,Male,Finance,57,34695.34,2017-03-01
Employee_122,Male,Sales,35,18896.1,2017-03-07
Employee_123,Female,HR,29,53296.8,2017-03-14
Employee_124,Male,HR,49,46435.81,2017-03-20
Employee_125,Female,Sales,40,41193.34,2017-03-27
Employee_126,Female,IT,24,34776.85,2017-04-03
Employee_127,Female,Operations,30,47352.87,2017-04-09
Employee_128,Male,Operations,47,47673.74,2017-04-16
Employee_129,Male,IT,44,49953.94,2017-04-22
Employee_130,Female,Operations,22,34064.78,2017-04-29
Employee_131,Male,IT,44,54739.7,2017-05-06
Employee_132,Male,HR,48,22971.7,2017-05-12
Employee_133,Male,Sales,39,63741.54,2017-05-19
Employee_134,Male,IT,48,45459.96,2017-05-25
Employee_135,Female,HR,31,36095.22,2017-06-01
Employee_136,Female,Finance,52,26965.62,2017-06-07
Employee_137,Female,Sales,41,56846.16,2017-06-14
Employee_138,Female,Sales,40,22722.71,2017-06-21
Employee_139,Male,IT,47,72327.65,2017-06-27
Employee_140,Female,IT,53,21831.21,2017-07-04
Employee_141,Female,Sales,34,75426.9,2017-07-10
Employee_142,Female,Sales,28,51720.1,2017-07-17
Employee_143,Male,IT,47,45460.79,2017-07-24
Employee_144,Male,IT,45,45459.96,2017-07-30
Employee_145,Female,Sales,48,77888.68,2017-08-06
Employee_146,Female,Sales,40,58396.2,2017-08-12
Employee_147,Male,HR,50,11499.29,2017-08-19
Employee_148,Male,HR,50,62913.37,2017-08-26
Employee_149,Male,IT,42,48476.65,2017-09-01
Employee_150,Female,Finance,32,20744.66,2017-09-08
Employee_151,Male,HR,55,56407.24,2017-09-14
Employee_152,Female,Finance,27,26833.39,2017-09-21
Employee_153,Male,HR,26,47717.9,2017-09-27
Employee_154,Female,Sales,30,48498.64,2017-10-04
Employee_155,Female,Sales,31,35274.03,2017-10-11
Employee_156,Female,Finance,34,54713.48,2017-10-17
Employee_157,Male,Sales,22,29675.97,2017-10-24
Employee_158,Female,Finance,56,47867.73,2017-10-30
Employee_159,Female,IT,26,36790.27,2017-11-06
Employee_160,Male,HR,25,42260.02,2017-11-13
Employee_161,Male,Finance,32,73843.36,2017-11-19
Employee_162,Female,HR,39,46680.67,2017-11-26
Employee_163,Female,HR,40,28689.41,2017-12-02
Employee_164,Female,HR,25,43241.55,2017-12-09
Employee_165,Male,IT,48,33461.05,2017-12-15
Employee_166,Male,HR,46,45397.32,2017-12-22
Employee_167,Male,IT,23,47428.88,2017-12-29
Employee_168,Male,HR,37,46274.72,2018-01-04
Employee_169,Male,HR,22,46257.16,2018-01-11
Employee_170,Male,Sales,55,36833.11,2018-01-17
Employee_171,Male,Operations,51,51738.04,2018-01-24
Employee_172,Male,Sales,40,45459.96,2018-01-31
Employee_173,Male,Sales,59,35693.18,2018-02-06
Employee_174,Male,Sales,47,44124.0,2018-02-13
Employee_175,Female,IT,32,45910.47,2018-02-19
Employee_176,Male,IT,24,63806.24,2018-02-26
Employee_177,Male,HR,54,61190.06,2018-03-04
Employee_178,Male,Sales,45,34049.28,2018-03-11
Employee_179,Female,IT,35,46085.32,2018-03-18
Employee_180,Female,Finance,38,22590.27,2018-03-24
Employee_181,Male,HR,53,30517.64,2018-03-31
Employee_182,Male,IT,22,45225.35,2018-04-06
Employee_183,Female,HR,57,54449.07,2018-04-13
Employee_184,Female,HR,45,59315.93,2018-04-20
Employee_185,Female,Sales,46,40338.02,2018-04-26
Employee_186,Female,Finance,41,24705.84,2018-05-03
Employee_187,Male,Operations,42,50953.31,2018-05-09
Employee_188,Male,IT,42,45459.96,2018-05-16
Employee_189,Female,Sales,35,51359.4,2018-05-23
Employee_190,Male,Finance,47,47401.86,2018-05-29
Employee_191,Male,Sales,34,55735.92,2018-06-05
Employee_192,Male,IT,49,54819.44,2018-06-11
Employee_193,Female,Sales,21,57653.98,2018-06-18
Employee_194,Female,Operations,32,38112.61,2018-06-24
Employee_195,Female,Operations,22,59932.47,2018-07-01
Employee_196,Female,Sales,58,37454.57,2018-07-08
Employee_197,Female,HR,29,46274.07,2018-07-14
Employee_198,Male,Operations,56,72908.87,2018-07-21
Employee_199,Female,Operations,46,50352.04,2018-07-27
Employee_200,Male,Finance,31,27508.03,2018-08-03
Employee_201,Female,Finance,45,67356.42,2018-08-10
Employee_202,Female,Operations,53,60001.38,2018-08-16
Employee_203,Male,IT,26,62107.1,2018-08-23
Employee_204,Male,IT,31,47958.11,2018-08-29
Employee_205,Female,Operations,25,50187.37,2018-09-05
Employee_206,Female,HR,21,41504.95,2018-09-11
Employee_207,Female,Sales,39,34501.02,2018-09-18
Employee_208,Male,Sales,45,67949.93,2018-09-25
Employee_209,Female,Finance,59,39474.59,2018-10-01
Employee_210,Male,Operations,21,37789.53,2018-10-08
Employee_211,Male,HR,40,38347.57,2018-10-14
Employee_212,Female,IT,46,72935.15,2018-10-21
Employee_213,Female,Finance,30,58172.04,2018-10-28
Employee_214,Female,Sales,58,39481.32,2018-11-03
Employee_215,Female,Operations,47,44315.66,2018-11-10
Employee_216,Male,HR,55,52656.76,2018-11-16
Employee_217,Male,IT,30,58177.01,2018-11-23
Employee_218,Female,Finance,40,20842.65,2018-11-29
Employee_219,Male,Finance,58,58556.76,2018-12-06
Employee_220,Female,IT,37,41729.61,2018-12-13
Employee_221,Female,IT,42,34709.48,2018-12-19
Employee_222,Male,Finance,51,39145.26,2018-12-26
Employee_223,Female,Operations,26,56878.91,2019-01-01
Employee_224,Male,IT,48,71376.49,2019-01-08
Employee_225,Female,Sales,59,47218.8,2019-01-15
Employee_226,Female,Operations,26,53353.56,2019-01-21
Employee_227,Female,Finance,34,32789.63,2019-01-28
Employee_228,Male,Finance,24,52370.17,2019-02-03
Employee_229,Female,Sales,40,45459.96,2019-02-10
Employee_230,Male,HR,30,22679.53,2019-02-17
Employee_231,Male,Operations,31,37306.35,2019-02-23
Employee_232,Female,Operations,59,56861.98,2019-03-02
Employee_233,Female,Sales,46,18616.49,2019-03-08
Employee_234,Female,HR,57,39391.5,2019-03-15
Employee_235,Male,Finance,28,54010.46,2019-03-21
Employee_236,Female,IT,23,19641.59,2019-03-28
Employee_237,Female,Operations,49,39050.2,2019-04-04
Employee_238,Female,HR,33,45822.57,2019-04-10
Employee_239,Female,IT,37,58355.91,2019-04-17
Employee_240,Female,IT,51,25818.95,2019-04-23
Employee_241,Male,Finance,47,61642.66,2019-04-30
Employee_242,Male,IT,29,49585.13,2019-05-07
Employee_243,Female,Operations,39,62952.69,2019-05-13
Employee_244,Male,IT,55,62448.31,2019-05-20
Employee_245,Female,Finance,37,50111.86,2019-05-26
Employee_246,Female,Sales,44,52286.22,2019-06-02
Employee_247,Male,HR,44,18908.29,2019-06-08
Employee_248,Male,HR,24,24747.9,2019-06-15
Employee_249,Male,IT,42,29920.32,2019-06-22
Employee_250,Female,Operations,49,39779.86,2019-06-28
Employee_251,Male,Operations,38,58998.59,2019-07-05
Employee_252,Female,Operations,41,18248.78,2019-07-11
Employee_253,Male,Operations,26,40200.64,2019-07-18
Employee_254,Male,Sales,40,25181.53,2019-07-25
Employee_255,Female,HR,53,21634.46,2019-07-31
Employee_256,Female,Operations,55,67153.6,2019-08-07
Employee_257,Female,Operations,56,46477.99,2019-08-13
Employee_258,Female,IT,49,69527.29,2019-08-20
Employee_259,Female,Operations,35,62761.85,2019-08-26
Employee_260,Female,Operations,31,31179.06,2019-09-02
Employee_261,Female,Operations,25,17179.76,2019-09-09
Employee_262,Male,HR,28,76051.31,2019-09-15
Employee_263,Male,Sales,21,38924.65,2019-09-22
Employee_264,Male,Sales,46,27831.78,2019-09-28
Employee_265,Female,Sales,23,55367.55,2019-10-05
Employee_266,Female,Operations,38,47047.41,2019-10-12
Employee_267,Male,HR,40,34929.0,2019-10-18
Employee_268,Female,Sales,49,39811.19,2019-10-25
Employee_269,Female,Operations,38,47419.88,2019-10-31
Employee_270,Female,Sales,47,46109.29,2019-11-07
Employee_271,Female,HR,46,56332.67,2019-11-13
Employee_272,Male,Finance,47,39698.02,2019-11-20
Employee_273,Male,Finance,39,39852.72,2019-11-27
Employee_274,Female,Finance,23,54009.47,2019-12-03
Employee_275,Male,Operations,21,45459.96,2019-12-10
Employee_276,Male,Sales,37,61413.87,2019-12-16
Employee_277,Male,HR,40,45459.96,2019-12-23
Employee_278,Male,HR,45,43524.99,2019-12-30
Employee_279,Male,Sales,39,27660.06,2020-01-05
Employee_280,Female,Sales,37,67488.08,2020-01-12
Employee_281,Male,HR,21,24093.35,2020-01-18
Employee_282,Male,Finance,27,48030.86,2020-01-25
Employee_283,Female,Sales,51,31620.6,2020-02-01
Employee_284,Female,Sales,40,50060.68,2020-02-07
Employee_285,Male,Finance,58,56165.51,2020-02-14
Employee_286,Female,Sales,28,20410.65,2020-02-20
Employee_287,Male,Finance,49,41835.84,2020-02-27
Employee_288,Male,Operations,48,18649.36,2020-03-04
Employee_290,Male,Operations,32,38352.85,2020-03-18
Employee_291,Male,Finance,40,21352.04,2020-03-24
Employee_292,Male,IT,59,34471.02,2020-03-31
Employee_293,Female,HR,46,64669.83,2020-04-06
Employee_294,Female,HR,56,67313.32,2020-04-13
Employee_295,Female,Sales,43,64059.2,2020-04-20
Employee_296,Male,Finance,38,33234.71,2020-04-26
Employee_297,Male,IT,24,42715.81,2020-05-03
Employee_298,Female,Finance,46,69521.25,2020-05-09
Employee_299,Male,Operations,27,34026.22,2020-05-16
Employee_300,Male,Finance,27,39979.51,2020-05-22
Employee_301,Male,HR,27,30692.22,2020-05-29
Employee_302,Male,IT,33,27538.9,2020-06-05
Employee_303,Female,HR,50,63093.31,2020-06-11
Employee_304,Male,IT,43,54460.21,2020-06-18
Employee_305,Male,Finance,42,51744.42,2020-06-24
Employee_306,Male,HR,31,53694.86,2020-07-01
Employee_307,Male,Finance,31,60319.73,2020-07-08
Employee_308,Female,Finance,24,67655.44,2020-07-14
Employee_309,Female,HR,38,44892.04,2020-07-21
Employee_310,Female,Sales,40,39887.35,2020-07-27
Employee_311,Female,Operations,42,29642.73,2020-08-03
Employee_312,Male,Operations,52,61234.6,2020-08-09
Employee_313,Female,HR,46,37275.57,2020-08-16
Employee_314,Female,Operations,34,22580.94,2020-08-23
Employee_315,Male,Finance,30,40968.08,2020-08-29
Employee_316,Male,IT,37,45365.14,2020-09-05
Employee_317,Male,Finance,30,57487.62,2020-09-11
Employee_318,Male,Sales,40,60056.2,2020-09-18
Employee_319,Female,IT,34,34035.0,2020-09-25
Employee_320,Male,Sales,54,32996.77,2020-10-01
Employee_321,Female,Operations,51,40077.98,2020-10-08
Employee_322,Female,Finance,38,26828.71,2020-10-14
Employee_323,Female,Finance,31,43354.6,2020-10-21
Employee_324,Female,HR,42,51917.96,2020-10-28
Employee_325,Male,Sales,21,45643.88,2020-11-03
Employee_326,Male,Sales,29,20799.96,2020-11-10
Employee_327,Male,Finance,56,27118.91,2020-11-16
Employee_328,Male,IT,54,64288.04,2020-11-23
Employee_329,Female,HR,47,29799.79,2020-11-29
Employee_330,Female,Operations,55,56077.16,2020-12-06
Employee_331,Male,HR,58,54479.53,2020-12-13
Employee_332,Female,Finance,39,40169.25,2020-12-19
Employee_333,Male,IT,39,30045.53,2020-12-26
Employee_334,Male,IT,40,48156.37,2021-01-01
Employee_335,Male,Operations,57,31708.17,2021-01-08
Employee_336,Male,Finance,45,42363.12,2021-01-15
Employee_338,Male,IT,21,34246.88,2021-01-28
Employee_339,Male,IT,58,41596.6,2021-02-03
Employee_340,Female,IT,36,40373.77,2021-02-10
Employee_341,Female,Sales,59,26467.62,2021-02-16
Employee_342,Female,Sales,55,42141.3,2021-02-23
Employee_344,Male,Operations,50,17637.33,2021-03-08
Employee_345,Female,Sales,40,39933.95,2021-03-15
Employee_346,Female,Sales,50,40755.77,2021-03-21
Employee_347,Female,Sales,57,35926.58,2021-03-28
Employee_348,Male,IT,51,14074.74,2021-04-04
Employee_349,Male,Finance,51,56641.11,2021-04-10
Employee_350,Female,IT,31,55253.53,2021-04-17
Employee_351,Female,Sales,24,54757.49,2021-04-23
Employee_352,Female,Sales,47,49872.54,2021-04-30
Employee_353,Male,Sales,26,26147.24,2021-05-06
Employee_354,Male,Finance,38,46843.35,2021-05-13
Employee_355,Female,Sales,49,31085.76,2021-05-20
Employee_356,Female,IT,25,77812.76,2021-05-26
Employee_357,Female,Operations,50,37190.78,2021-06-02
Employee_358,Female,IT,21,55013.76,2021-06-08
Employee_359,Female,Sales,43,21712.63,2021-06-15
Employee_360,Male,Sales,59,45459.96,2021-06-22
Employee_361,Male,Finance,38,36952.78,2021-06-28
Employee_362,Male,IT,23,55537.82,2021-07-05
Employee_363,Female,Finance,22,53214.65,2021-07-11
Employee_364,Male,IT,22,49322.41,2021-07-18
Employee_365,Male,Operations,58,17190.08,2021-07-25
Employee_366,Female,IT,25,61970.88,2021-07-31
Employee_367,Male,IT,56,31107.23,2021-08-07
Employee_368,Male,Operations,56,69231.05,2021-08-13
Employee_369,Male,Sales,41,45459.96,2021-08-20
Employee_370,Male,Finance,52,57392.69,2021-08-26
Employee_371,Female,Finance,45,59826.31,2021-09-02
Employee_372,Female,HR,40,26080.55,2021-09-09
Employee_373,Male,IT,28,83715.36,2021-09-15
Employee_374,Male,Finance,46,48267.8,2021-09-22
Employee_375,Male,IT,27,59996.76,2021-09-28
Employee_376,Female,Sales,25,32127.41,2021-10-05
Employee_377,Female,Finance,21,44024.94,2021-10-12
Employee_378,Male,Sales,51,27197.15,2021-10-18
Employee_379,Male,Operations,39,41402.15,2021-10-25
Employee_380,Female,IT,21,45232.04,2021-10-31
Employee_381,Male,Operations,32,48837.23,2021-11-07
Employee_382,Male,Sales,41,65937.7,2021-11-13
Employee_383,Male,Sales,48,52212.6,2021-11-20
Employee_384,Male,IT,54,48655.95,2021-11-27
Employee_385,Female,IT,23,45578.14,2021-12-03
Employee_386,Male,HR,51,75156.03,2021-12-10
Employee_387,Female,IT,56,36313.99,2021-12-16
Employee_388,Female,Finance,52,62823.09,2021-12-23
Employee_389,Male,Finance,25,15580.98,2021-12-30
Employee_390,Male,Sales,29,31833.07,2022-01-05
Employee_391,Female,Finance,40,51157.51,2022-01-12
Employee_392,Male,HR,22,45459.96,2022-01-18
Employee_393,Female,Operations,51,90110.02,2022-01-25
Employee_394,Male,Operations,25,83691.84,2022-01-31
Employee_395,Male,Finance,27,22212.93,2022-02-07
Employee_396,Female,Sales,51,28937.6,2022-02-14
Employee_397,Female,IT,28,45459.96,2022-02-20
Employee_398,Female,HR,48,71103.79,2022-02-27
Employee_399,Female,IT,47,62051.56,2022-03-05
Employee_400,Female,IT,30,49910.68,2022-03-12
Employee_401,Male,IT,49,23784.62,2022-03-19
Employee_402,Female,IT,59,32337.05,2022-03-25
Employee_403,Female,HR,29,4745.67,2022-04-01
Employee_404,Male,IT,57,21978.09,2022-04-07
Employee_405,Male,Sales,31,51430.86,2022-04-14
Employee_406,Male,Operations,51,56881.8,2022-04-20
Employee_407,Male,Sales,42,25489.23,2022-04-27
Employee_408,Male,Sales,52,46674.41,2022-05-04
Employee_409,Male,Operations,46,69452.76,2022-05-10
Employee_410,Male,Sales,26,47512.49,2022-05-17
Employee_411,Female,Operations,51,40470.78,2022-05-23
Employee_412,Male,Sales,52,54247.49,2022-05-30
Employee_413,Male,IT,40,52986.55,2022-06-06
Employee_414,Male,IT,40,46283.64,2022-06-12
Employee_415,Male,Operations,55,37043.98,2022-06-19
Employee_416,Female,Operations,50,38710.4,2022-06-25
Employee_417,Female,IT,44,46431.57,2022-07-02
Employee_418,Female,Operations,44,36837.72,2022-07-09
Employee_419,Female,IT,44,65074.32,2022-07-15
Employee_420,Male,Sales,23,58472.4,2022-07-22
Employee_421,Male,Sales,39,61393.22,2022-07-28
Employee_422,Male,Sales,34,75493.84,2022-08-04
Employee_423,Female,Sales,27,68765.77,2022-08-10
Employee_424,Male,Sales,40,66350.93,2022-08-17
Employee_425,Female,Operations,37,50641.71,2022-08-24
Employee_426,Female,Finance,27,42180.32,2022-08-30
Employee_427,Male,Operations,47,79585.63,2022-09-06
Employee_428,Female,Operations,45,34963.57,2022-09-12
Employee_430,Male,Operations,33,32025.38,2022-09-26
Employee_431,Male,IT,22,48298.14,2022-10-02
Employee_432,Male,Finance,29,51339.98,2022-10-09
Employee_433,Male,Sales,29,60511.61,2022-10-15
Employee_434,Female,Sales,59,41688.56,2022-10-22
Employee_435,Male,HR,26,19050.22,2022-10-28
Employee_436,Female,HR,53,49839.8,2022-11-04
Employee_437,Male,Finance,45,59671.15,2022-11-11
Employee_438,Female,IT,42,45538.06,2022-11-17
Employee_439,Female,IT,31,43059.18,2022-11-24
Employee_440,Female,IT,53,53499.16,2022-11-30
Employee_441,Male,HR,39,66550.79,2022-12-07
Employee_442,Male,Finance,59,44068.89,2022-12-14
Employee_443,Female,Operations,46,23757.68,2022-12-20
Employee_444,Female,Finance,31,36593.01,2022-12-27
Employee_445,Male,Finance,40,42570.71,2023-01-02
Employee_446,Male,Sales,44,18041.29,2023-01-09
Employee_447,Male,Finance,27,56593.79,2023-01-15
Employee_448,Male,Sales,37,33536.97,2023-01-22
Employee_449,Female,Operations,29,52665.89,2023-01-29
Employee_450,Female,Sales,34,47962.64,2023-02-04
Employee_451,Male,Sales,28,40373.19,2023-02-11
Employee_452,Female,Sales,38,45459.96,2023-02-17
Employee_453,Female,Sales,23,36612.04,2023-02-24
Employee_454,Female,Finance,21,34943.22,2023-03-03
Employee_455,Male,HR,26,49422.14,2023-03-09
Employee_457,Female,IT,57,44993.68,2023-03-22
Employee_458,Female,Operations,36,30287.71,2023-03-29
Employee_459,Female,IT,54,55390.54,2023-04-05
Employee_460,Female,HR,36,54076.28,2023-04-11
Employee_461,Female,IT,39,76140.48,2023-04-18
Employee_462,Female,Operations,40,41706.11,2023-04-24
Employee_463,Female,HR,28,48216.24,2023-05-01
Employee_464,Male,Sales,36,36508.34,2023-05-07
Employee_465,Female,HR,23,22693.65,2023-05-14
Employee_466,Female,IT,22,46137.47,2023-05-21
Employee_467,Male,Sales,41,57769.42,2023-05-27
Employee_468,Female,HR,35,29811.48,2023-06-03
Employee_469,Male,Sales,59,34885.61,2023-06-09
Employee_470,Female,Sales,34,27376.86,2023-06-16
Employee_471,Male,IT,52,65122.07,2023-06-23
Employee_472,Female,Operations,50,35511.54,2023-06-29
Employee_473,Female,HR,47,45459.96,2023-07-06
Employee_474,Male,HR,24,32033.94,2023-07-12
Employee_475,Male,IT,28,46133.79,2023-07-19
Employee_476,Female,Finance,34,35621.27,2023-07-25
Employee_477,Male,HR,39,9787.86,2023-08-01
Employee_478,Male,IT,43,46168.3,2023-08-08
Employee_479,Female,Finance,55,52916.87,2023-08-14
Employee_480,Female,Sales,59,13743.21,2023-08-21
Employee_481,Female,Finance,26,42383.22,2023-08-27
Employee_482,Male,HR,41,38512.36,2023-09-03
Employee_483,Female,Sales,24,45459.96,2023-09-10
Employee_484,Male,Finance,34,41230.43,2023-09-16
Employee_485,Male,IT,35,15905.1,2023-09-23
Employee_486,Female,Finance,40,48759.2,2023-09-29
Employee_487,Male,IT,59,62790.48,2023-10-06
Employee_488,Male,Sales,50,45459.96,2023-10-12
Employee_489,Female,Sales,37,44018.72,2023-10-19
Employee_490,Male,Finance,28,66380.01,2023-10-26
Employee_491,Female,Operations,55,46835.96,2023-11-01
Employee_492,Male,HR,36,37221.33,2023-11-08
Employee_493,Male,Operations,53,31341.4,2023-11-14
Employee_494,Male,HR,41,47668.01,2023-11-21
Employee_496,Female,HR,53,54473.6,2023-12-04
Employee_497,Female,Sales,55,22195.67,2023-12-11
Employee_498,Female,Operations,38,61155.69,2023-12-17
Employee_499,Female,Operations,25,38946.27,2023-12-24
Employee_500,Male,Sales,30,54638.86,2023-12-31
